{
    "overall": {
        "Bleu_1": 0.25278380070549994,
        "Bleu_2": 0.16127212798652737,
        "Bleu_3": 0.10915463448477575,
        "Bleu_4": 0.07954021117828826,
        "METEOR": 0.12066448276040438,
        "ROUGE_L": 0.32997762962133437,
        "CIDEr": 0.7883267166618634
    },
    "chest_xray": {
        "Bleu_1": 0.3125839655718891,
        "Bleu_2": 0.21116880917429046,
        "Bleu_3": 0.1531268954623161,
        "Bleu_4": 0.11939446356261046,
        "METEOR": 0.14970022446344872,
        "ROUGE_L": 0.3021168728328929,
        "CIDEr": 0.5344585389221447
    },
    "ct_scan": {
        "Bleu_1": 0.22044758578163923,
        "Bleu_2": 0.13489157690298975,
        "Bleu_3": 0.08754254631422209,
        "Bleu_4": 0.06086802108664162,
        "METEOR": 0.10618959872606244,
        "ROUGE_L": 0.32775610279303974,
        "CIDEr": 0.8001263887499832
    },
    "gross": {
        "Bleu_1": 0.2939633016588971,
        "Bleu_2": 0.1790175128852291,
        "Bleu_3": 0.1118892763544123,
        "Bleu_4": 0.07557162866726892,
        "METEOR": 0.12817943414733216,
        "ROUGE_L": 0.35343046567146336,
        "CIDEr": 0.9693192111822391
    },
    "histology": {
        "Bleu_1": 0.2180122370908754,
        "Bleu_2": 0.1418785270598098,
        "Bleu_3": 0.09887463198931427,
        "Bleu_4": 0.0750472121252602,
        "METEOR": 0.11559753898331446,
        "ROUGE_L": 0.3437043640709618,
        "CIDEr": 0.8108092916691586
    },
    "mri": {
        "Bleu_1": 0.2515299360623184,
        "Bleu_2": 0.15815413642969853,
        "Bleu_3": 0.10338044300517467,
        "Bleu_4": 0.06993125379308363,
        "METEOR": 0.11369977827970815,
        "ROUGE_L": 0.3225654278533376,
        "CIDEr": 0.7646322048799349
    }
}