{
    "overall": {
        "Bleu_1": 0.23790352431420614,
        "Bleu_2": 0.1540298431828693,
        "Bleu_3": 0.10690250036244352,
        "Bleu_4": 0.07933561244514821,
        "METEOR": 0.11961322355734878,
        "ROUGE_L": 0.34699034647734794,
        "CIDEr": 0.9257892530705106
    },
    "chest_xray": {
        "Bleu_1": 0.3079133314079457,
        "Bleu_2": 0.20555467427447438,
        "Bleu_3": 0.14775338813096964,
        "Bleu_4": 0.11332370301808008,
        "METEOR": 0.14096837829935377,
        "ROUGE_L": 0.3222690260612625,
        "CIDEr": 0.7132728617922042
    },
    "ct_scan": {
        "Bleu_1": 0.20913366656792545,
        "Bleu_2": 0.1346750244686567,
        "Bleu_3": 0.09087521703748913,
        "Bleu_4": 0.06623163338102984,
        "METEOR": 0.10867740117672481,
        "ROUGE_L": 0.338600650864815,
        "CIDEr": 0.8350987258915687
    },
    "gross": {
        "Bleu_1": 0.2708234902778393,
        "Bleu_2": 0.1728785028507511,
        "Bleu_3": 0.11911920465542726,
        "Bleu_4": 0.08825973456648548,
        "METEOR": 0.12542928199323813,
        "ROUGE_L": 0.37885424047694155,
        "CIDEr": 1.4410975838092934
    },
    "histology": {
        "Bleu_1": 0.2021607721789357,
        "Bleu_2": 0.131436372319127,
        "Bleu_3": 0.09221551942138631,
        "Bleu_4": 0.0687151161197378,
        "METEOR": 0.11500058330496338,
        "ROUGE_L": 0.3350376207855159,
        "CIDEr": 0.7765321253464137
    },
    "mri": {
        "Bleu_1": 0.23094428457224206,
        "Bleu_2": 0.14634866148019926,
        "Bleu_3": 0.09943863411388706,
        "Bleu_4": 0.07193099032058176,
        "METEOR": 0.1156196169050531,
        "ROUGE_L": 0.3652225626444771,
        "CIDEr": 0.8668567684950969
    }
}