{
    "overall": {
        "Bleu_1": 0.24981544547479462,
        "Bleu_2": 0.15729986690584513,
        "Bleu_3": 0.10562090385347325,
        "Bleu_4": 0.07618094194940012,
        "METEOR": 0.12001744242360471,
        "ROUGE_L": 0.32799012817024614,
        "CIDEr": 0.7226383134960148
    },
    "chest_xray": {
        "Bleu_1": 0.3134518985000108,
        "Bleu_2": 0.20828668121929156,
        "Bleu_3": 0.14831643243392958,
        "Bleu_4": 0.11179420155510254,
        "METEOR": 0.14669683232580083,
        "ROUGE_L": 0.30246911645622226,
        "CIDEr": 0.6421694901838576
    },
    "ct_scan": {
        "Bleu_1": 0.2413262224615361,
        "Bleu_2": 0.14967094662764735,
        "Bleu_3": 0.09708027313635866,
        "Bleu_4": 0.06811633761959444,
        "METEOR": 0.11772871239171309,
        "ROUGE_L": 0.33389834662880896,
        "CIDEr": 0.8327953095087569
    },
    "gross": {
        "Bleu_1": 0.29432847608034185,
        "Bleu_2": 0.17800302393955747,
        "Bleu_3": 0.10915485490884803,
        "Bleu_4": 0.07189419288357966,
        "METEOR": 0.12654594872692065,
        "ROUGE_L": 0.3506047820534736,
        "CIDEr": 0.9565370561647348
    },
    "histology": {
        "Bleu_1": 0.21413421599083993,
        "Bleu_2": 0.13657125682068685,
        "Bleu_3": 0.09367307664639561,
        "Bleu_4": 0.06962439409482064,
        "METEOR": 0.11419709155650715,
        "ROUGE_L": 0.321548235832335,
        "CIDEr": 0.46763830830783937
    },
    "mri": {
        "Bleu_1": 0.21709092372039474,
        "Bleu_2": 0.1323941654587408,
        "Bleu_3": 0.08807127232658706,
        "Bleu_4": 0.061973488980463974,
        "METEOR": 0.10491780665010539,
        "ROUGE_L": 0.3338452262206336,
        "CIDEr": 0.7243914141949603
    }
}