{
    "overall": {
        "Bleu_1": 0.24168439756511842,
        "Bleu_2": 0.15758903919028944,
        "Bleu_3": 0.1098768851147892,
        "Bleu_4": 0.08237539118085949,
        "METEOR": 0.12071681849733297,
        "ROUGE_L": 0.3385050730077541,
        "CIDEr": 0.8226622803686094
    },
    "chest_xray": {
        "Bleu_1": 0.29113009920971883,
        "Bleu_2": 0.20021951481335912,
        "Bleu_3": 0.1462964606464445,
        "Bleu_4": 0.11502402495504253,
        "METEOR": 0.13948150234334752,
        "ROUGE_L": 0.3097872852927211,
        "CIDEr": 0.5605398185603352
    },
    "ct_scan": {
        "Bleu_1": 0.21762293825499185,
        "Bleu_2": 0.1380588298723347,
        "Bleu_3": 0.09257444400985583,
        "Bleu_4": 0.06824837443409966,
        "METEOR": 0.1098936195531757,
        "ROUGE_L": 0.3382155541207272,
        "CIDEr": 0.7311699309600326
    },
    "gross": {
        "Bleu_1": 0.29107654319194404,
        "Bleu_2": 0.17509412745780845,
        "Bleu_3": 0.11732657191005288,
        "Bleu_4": 0.08564386244531454,
        "METEOR": 0.12624692578329216,
        "ROUGE_L": 0.3489483791571216,
        "CIDEr": 1.0998360051830316
    },
    "histology": {
        "Bleu_1": 0.20069774865483786,
        "Bleu_2": 0.1368521551304644,
        "Bleu_3": 0.10082045718466448,
        "Bleu_4": 0.07801059932854217,
        "METEOR": 0.11884601404471047,
        "ROUGE_L": 0.3473454210436837,
        "CIDEr": 0.8821569474587222
    },
    "mri": {
        "Bleu_1": 0.23597810428580743,
        "Bleu_2": 0.14838977750766372,
        "Bleu_3": 0.09569050597189685,
        "Bleu_4": 0.06585592902824698,
        "METEOR": 0.11556330396125933,
        "ROUGE_L": 0.3471916829624358,
        "CIDEr": 0.7812143586531598
    }
}