{
    "overall": {
        "Bleu_1": 0.2444499314057582,
        "Bleu_2": 0.1582887193982221,
        "Bleu_3": 0.11105701172193823,
        "Bleu_4": 0.08399860105189384,
        "METEOR": 0.12224279557639173,
        "ROUGE_L": 0.3419770100981974,
        "CIDEr": 0.781784962188631
    },
    "chest_xray": {
        "Bleu_1": 0.31497802647456413,
        "Bleu_2": 0.21007701209929205,
        "Bleu_3": 0.15178026468207387,
        "Bleu_4": 0.11828181188674271,
        "METEOR": 0.1456296379398645,
        "ROUGE_L": 0.31293841731392924,
        "CIDEr": 0.4231726725815737
    },
    "ct_scan": {
        "Bleu_1": 0.2161470498923517,
        "Bleu_2": 0.13969650383009222,
        "Bleu_3": 0.09516087106224977,
        "Bleu_4": 0.06992282569967508,
        "METEOR": 0.11083295759795236,
        "ROUGE_L": 0.34471082438532996,
        "CIDEr": 0.7800463478276853
    },
    "gross": {
        "Bleu_1": 0.2734457055418698,
        "Bleu_2": 0.1615384002672417,
        "Bleu_3": 0.10698751822214127,
        "Bleu_4": 0.07786630628618571,
        "METEOR": 0.1229444728772354,
        "ROUGE_L": 0.35149675986041723,
        "CIDEr": 1.2449563986770045
    },
    "histology": {
        "Bleu_1": 0.2115969481453357,
        "Bleu_2": 0.14331143292183948,
        "Bleu_3": 0.10675049655085232,
        "Bleu_4": 0.08452165020477849,
        "METEOR": 0.12230753585026376,
        "ROUGE_L": 0.3424342082222527,
        "CIDEr": 0.7227449837151513
    },
    "mri": {
        "Bleu_1": 0.22861117950244184,
        "Bleu_2": 0.1429080253138464,
        "Bleu_3": 0.09383496784032315,
        "Bleu_4": 0.06624006999823208,
        "METEOR": 0.11390421778349612,
        "ROUGE_L": 0.358326671997111,
        "CIDEr": 0.7741309904557061
    }
}