{
    "overall": {
        "Bleu_1": 0.25782867403919457,
        "Bleu_2": 0.1665666511919183,
        "Bleu_3": 0.11761401774507352,
        "Bleu_4": 0.0893010572051531,
        "METEOR": 0.1242888783413364,
        "ROUGE_L": 0.3429021806533237,
        "CIDEr": 0.7886057982229606
    },
    "chest_xray": {
        "Bleu_1": 0.3314429342386357,
        "Bleu_2": 0.22745844878494684,
        "Bleu_3": 0.17034005540141192,
        "Bleu_4": 0.13560593626392062,
        "METEOR": 0.15394333104718116,
        "ROUGE_L": 0.32046339000627394,
        "CIDEr": 0.4387100780392834
    },
    "ct_scan": {
        "Bleu_1": 0.2328916983123792,
        "Bleu_2": 0.15575485401859016,
        "Bleu_3": 0.11019447243385631,
        "Bleu_4": 0.08390385236832514,
        "METEOR": 0.12014495893749234,
        "ROUGE_L": 0.34063658902289184,
        "CIDEr": 0.7776313590817567
    },
    "gross": {
        "Bleu_1": 0.32289557581791234,
        "Bleu_2": 0.1922423313561344,
        "Bleu_3": 0.12412301775220928,
        "Bleu_4": 0.08749764159805591,
        "METEOR": 0.1395575069572606,
        "ROUGE_L": 0.3543593792627599,
        "CIDEr": 0.9467153745359982
    },
    "histology": {
        "Bleu_1": 0.2013241227406281,
        "Bleu_2": 0.130318800681609,
        "Bleu_3": 0.09386498742794569,
        "Bleu_4": 0.07227033756368723,
        "METEOR": 0.11310348106899074,
        "ROUGE_L": 0.33490524758949564,
        "CIDEr": 0.6763623466312043
    },
    "mri": {
        "Bleu_1": 0.24512246081292496,
        "Bleu_2": 0.1507755140264272,
        "Bleu_3": 0.10174896861971773,
        "Bleu_4": 0.07398820347216396,
        "METEOR": 0.11058359042139256,
        "ROUGE_L": 0.36614373910715853,
        "CIDEr": 1.0596464617973531
    }
}