{
    "overall": {
        "Bleu_1": 0.020047361079572452,
        "Bleu_2": 0.0035438421759320274,
        "Bleu_3": 7.782938684785779e-09,
        "Bleu_4": 1.1740416721381134e-11,
        "METEOR": 0.07576064217492591,
        "ROUGE_L": 0.04412077147015279,
        "CIDEr": 0.024025803736937478
    },
    "ct": {
        "Bleu_1": 0.023378035520113864,
        "Bleu_2": 0.0026259279590807607,
        "Bleu_3": 9.04900556828464e-09,
        "Bleu_4": 1.7155695533923228e-11,
        "METEOR": 0.08699664563082428,
        "ROUGE_L": 0.04942916922548799,
        "CIDEr": 0.02832165847608112
    },
    "mri": {
        "Bleu_1": 0.018748349617108695,
        "Bleu_2": 0.00230052306758793,
        "Bleu_3": 9.292320471425692e-09,
        "Bleu_4": 1.8996024057895106e-11,
        "METEOR": 0.06782638341115436,
        "ROUGE_L": 0.04211219653253077,
        "CIDEr": 0.02637462608101037
    },
    "xray": {
        "Bleu_1": 0.017843987885731535,
        "Bleu_2": 0.004495763377132264,
        "Bleu_3": 1.2347375214170162e-08,
        "Bleu_4": 2.0778880370105794e-11,
        "METEOR": 0.07181292702520241,
        "ROUGE_L": 0.03924297293789903,
        "CIDEr": 0.01883163675032287
    }
}