{
    "overall": {
        "Bleu_1": 0.015112750639613547,
        "Bleu_2": 0.0042988095515269255,
        "Bleu_3": 0.0015161851160372369,
        "Bleu_4": 1.2254339116358134e-07,
        "METEOR": 0.042237214405709135,
        "ROUGE_L": 0.055096809923066765,
        "CIDEr": 0.023681146314548884
    },
    "abd": {
        "Bleu_1": 0.015060240963853033,
        "Bleu_2": 0.004950567845370887,
        "Bleu_3": 0.0016001273248153775,
        "Bleu_4": 1.6289352326985058e-07,
        "METEOR": 0.03972603094741238,
        "ROUGE_L": 0.05502453863633887,
        "CIDEr": 0.01940616400608417
    },
    "chest": {
        "Bleu_1": 0.015762711864404106,
        "Bleu_2": 0.0037096836766722483,
        "Bleu_3": 0.0013531000132195447,
        "Bleu_4": 1.4646752021865376e-07,
        "METEOR": 0.045703601780978584,
        "ROUGE_L": 0.057516187939064684,
        "CIDEr": 0.02521307058122474
    },
    "head": {
        "Bleu_1": 0.014350945857792051,
        "Bleu_2": 0.004000299088086361,
        "Bleu_3": 0.0015414672207059053,
        "Bleu_4": 1.7129762792128873e-07,
        "METEOR": 0.041106467131033754,
        "ROUGE_L": 0.05155966055757987,
        "CIDEr": 0.02514440927519123
    }
}