{
    "overall": {
        "Bleu_1": 0.22613341007872356,
        "Bleu_2": 0.14361909209815737,
        "Bleu_3": 0.09844962367532754,
        "Bleu_4": 0.07261263181482257,
        "METEOR": 0.1163064531045569,
        "ROUGE_L": 0.3321730148581039,
        "CIDEr": 0.757700538058647
    },
    "chest_xray": {
        "Bleu_1": 0.29037541783035015,
        "Bleu_2": 0.19759326662001758,
        "Bleu_3": 0.14609239511459207,
        "Bleu_4": 0.1159096626211701,
        "METEOR": 0.14282444229288527,
        "ROUGE_L": 0.3147400050500736,
        "CIDEr": 0.6919645544575064
    },
    "ct_scan": {
        "Bleu_1": 0.19209924198468378,
        "Bleu_2": 0.12174644794734904,
        "Bleu_3": 0.0789308996143818,
        "Bleu_4": 0.05566725134797537,
        "METEOR": 0.10621633354201317,
        "ROUGE_L": 0.32997955772077525,
        "CIDEr": 0.7951892934815057
    },
    "gross": {
        "Bleu_1": 0.2672686532672432,
        "Bleu_2": 0.16301873165215688,
        "Bleu_3": 0.10921246155810195,
        "Bleu_4": 0.0794892937218138,
        "METEOR": 0.12380750299980953,
        "ROUGE_L": 0.36675828810800626,
        "CIDEr": 1.0529474788490791
    },
    "histology": {
        "Bleu_1": 0.19574082118494648,
        "Bleu_2": 0.12270534529894853,
        "Bleu_3": 0.08510079885271332,
        "Bleu_4": 0.06322837196868192,
        "METEOR": 0.10908695288956828,
        "ROUGE_L": 0.3179449535624706,
        "CIDEr": 0.5179929241816545
    },
    "mri": {
        "Bleu_1": 0.21800339288291978,
        "Bleu_2": 0.1349462928530652,
        "Bleu_3": 0.0888860415080129,
        "Bleu_4": 0.06142995746564816,
        "METEOR": 0.10996120142387514,
        "ROUGE_L": 0.33698604261866816,
        "CIDEr": 0.7398132956163045
    }
}