{
    "overall": {
        "Bleu_1": 0.2504895241510062,
        "Bleu_2": 0.05596994983713261,
        "Bleu_3": 3.093913594399761e-07,
        "Bleu_4": 7.69725604017329e-10,
        "METEOR": 0.11192316463953816,
        "ROUGE_L": 0.36689955691745646,
        "CIDEr": 0.9096351094240964
    },
    "abd": {
        "Bleu_1": 0.23259581628816556,
        "Bleu_2": 2.1793113172680955e-09,
        "Bleu_3": 4.959745252235928e-12,
        "Bleu_4": 2.496806232551491e-13,
        "METEOR": 0.11509862610322029,
        "ROUGE_L": 0.3563851153958516,
        "CIDEr": 0.8895722249267815
    },
    "chest": {
        "Bleu_1": 0.3115165826394119,
        "Bleu_2": 0.12283703814125653,
        "Bleu_3": 9.203541311842978e-07,
        "Bleu_4": 2.722340376741043e-09,
        "METEOR": 0.14104807077731293,
        "ROUGE_L": 0.4193669061403132,
        "CIDEr": 1.0389823739125705
    },
    "head": {
        "Bleu_1": 0.19538762902953186,
        "Bleu_2": 1.6862003543163192e-09,
        "Bleu_3": 3.935935964880832e-12,
        "Bleu_4": 2.0008886641602522e-13,
        "METEOR": 0.08551492696550793,
        "ROUGE_L": 0.3028734921563036,
        "CIDEr": 0.743756453276506
    }
}