{
    "overall": {
        "Bleu_1": 0.056072416394252936,
        "Bleu_2": 0.013226039780903755,
        "Bleu_3": 3.733992637458807e-08,
        "Bleu_4": 6.352993343691378e-11,
        "METEOR": 0.08212038492568,
        "ROUGE_L": 0.30501661883651476,
        "CIDEr": 0.7216847228541994
    },
    "abd": {
        "Bleu_1": 0.04732189287569042,
        "Bleu_2": 0.012701363501742575,
        "Bleu_3": 4.575650745604468e-08,
        "Bleu_4": 8.785533513745826e-11,
        "METEOR": 0.08044790087096196,
        "ROUGE_L": 0.3012619662621546,
        "CIDEr": 0.6948494920263808
    },
    "chest": {
        "Bleu_1": 0.2685616297260165,
        "Bleu_2": 0.07407211574926033,
        "Bleu_3": 5.140914277303337e-07,
        "Bleu_4": 1.4111466386905987e-09,
        "METEOR": 0.11213947867832039,
        "ROUGE_L": 0.37192850912032066,
        "CIDEr": 0.9314899592266757
    },
    "head": {
        "Bleu_1": 0.033677349266684586,
        "Bleu_2": 0.008834430336277893,
        "Bleu_3": 3.621650293239337e-08,
        "Bleu_4": 7.428459070082214e-11,
        "METEOR": 0.06870534515896906,
        "ROUGE_L": 0.20967967405844765,
        "CIDEr": 0.4417049168294496
    }
}