{
    "overall": {
        "Bleu_1": 0.2641206904571217,
        "Bleu_2": 0.17132493787424788,
        "Bleu_3": 0.11952245782523288,
        "Bleu_4": 0.08980413512855323,
        "METEOR": 0.12281336745480088,
        "ROUGE_L": 0.3372415071088902,
        "CIDEr": 0.742085617543082
    },
    "chest_xray": {
        "Bleu_1": 0.33309357471988765,
        "Bleu_2": 0.22790954568643332,
        "Bleu_3": 0.16631123262559336,
        "Bleu_4": 0.1295232773448972,
        "METEOR": 0.14730135966989616,
        "ROUGE_L": 0.31877623363847984,
        "CIDEr": 0.5131319515268563
    },
    "ct_scan": {
        "Bleu_1": 0.2235114346341521,
        "Bleu_2": 0.14609388446199903,
        "Bleu_3": 0.10134102415028114,
        "Bleu_4": 0.07612633066276302,
        "METEOR": 0.11329546978602202,
        "ROUGE_L": 0.33610540546550033,
        "CIDEr": 0.7836931413696069
    },
    "gross": {
        "Bleu_1": 0.3145725600801801,
        "Bleu_2": 0.18965509534182068,
        "Bleu_3": 0.12696408546972282,
        "Bleu_4": 0.09305317075591095,
        "METEOR": 0.1298141324261865,
        "ROUGE_L": 0.3395257020518087,
        "CIDEr": 0.7173234264693887
    },
    "histology": {
        "Bleu_1": 0.22942869295752313,
        "Bleu_2": 0.150560831062862,
        "Bleu_3": 0.10729804632141994,
        "Bleu_4": 0.0819935172298676,
        "METEOR": 0.1201574707661491,
        "ROUGE_L": 0.34225298004847066,
        "CIDEr": 0.8085463117635051
    },
    "mri": {
        "Bleu_1": 0.24625525312293634,
        "Bleu_2": 0.1546644143831861,
        "Bleu_3": 0.10226211555587479,
        "Bleu_4": 0.07235857745267424,
        "METEOR": 0.11169564500642858,
        "ROUGE_L": 0.34857023728625913,
        "CIDEr": 0.8297976080394478
    }
}