{
    "overall": {
        "Bleu_1": 0.19002309525027947,
        "Bleu_2": 1.0305732546222399e-09,
        "Bleu_3": 2.02661065501156e-12,
        "Bleu_4": 9.426698293856097e-14,
        "METEOR": 0.11441250730242787,
        "ROUGE_L": 0.29898015240480474,
        "CIDEr": 0.7439242271539448
    },
    "abd": {
        "Bleu_1": 0.23075336751727835,
        "Bleu_2": 3.014708341629478e-09,
        "Bleu_3": 9.54394690793389e-12,
        "Bleu_4": 7.344908363693773e-13,
        "METEOR": 0.1888282866277976,
        "ROUGE_L": 0.37423312883435583,
        "CIDEr": 0.9355828220858896
    },
    "chest": {
        "Bleu_1": 0.14453923190212017,
        "Bleu_2": 1.234113249229292e-09,
        "Bleu_3": 2.6901638590500968e-12,
        "Bleu_4": 1.2831459141384627e-13,
        "METEOR": 0.11483153506216134,
        "ROUGE_L": 0.21187738783607532,
        "CIDEr": 0.529352018425534
    },
    "head": {
        "Bleu_1": 0.1941404268789469,
        "Bleu_2": 1.9008386419575026e-09,
        "Bleu_3": 4.739644783950863e-12,
        "Bleu_4": 2.5432013747475e-13,
        "METEOR": 0.09489250322380152,
        "ROUGE_L": 0.3233500925123993,
        "CIDEr": 0.7944178669784867
    }
}