{
    "overall": {
        "Bleu_1": 0.23819153386310135,
        "Bleu_2": 0.15369322681563966,
        "Bleu_3": 0.10667309325162436,
        "Bleu_4": 0.08026862751626772,
        "METEOR": 0.11869055583784986,
        "ROUGE_L": 0.33448029168117677,
        "CIDEr": 0.757465702919282
    },
    "chest_xray": {
        "Bleu_1": 0.283732253669577,
        "Bleu_2": 0.19209452234871766,
        "Bleu_3": 0.1424483178783941,
        "Bleu_4": 0.11183557366176174,
        "METEOR": 0.1382217296683871,
        "ROUGE_L": 0.3014425954250058,
        "CIDEr": 0.4708649131839168
    },
    "ct_scan": {
        "Bleu_1": 0.2176976470610729,
        "Bleu_2": 0.14153466783648397,
        "Bleu_3": 0.09438514636091672,
        "Bleu_4": 0.06947809753766693,
        "METEOR": 0.11382427361488102,
        "ROUGE_L": 0.33999050276890214,
        "CIDEr": 0.8287997145909844
    },
    "gross": {
        "Bleu_1": 0.29975091491817896,
        "Bleu_2": 0.18257032755356284,
        "Bleu_3": 0.1210402799417842,
        "Bleu_4": 0.0883229786523564,
        "METEOR": 0.13347611598818007,
        "ROUGE_L": 0.35655548732495124,
        "CIDEr": 1.0134386941664963
    },
    "histology": {
        "Bleu_1": 0.19532324913620877,
        "Bleu_2": 0.13028469779451496,
        "Bleu_3": 0.09383584179702793,
        "Bleu_4": 0.07285113078365761,
        "METEOR": 0.11062799614358128,
        "ROUGE_L": 0.33744912027395074,
        "CIDEr": 0.7177380948066582
    },
    "mri": {
        "Bleu_1": 0.23241410840524618,
        "Bleu_2": 0.14119327538104792,
        "Bleu_3": 0.09227544138249706,
        "Bleu_4": 0.06527278175935126,
        "METEOR": 0.11018931581178683,
        "ROUGE_L": 0.3376592708390433,
        "CIDEr": 0.7536807783152463
    }
}