{
    "overall": {
        "Bleu_1": 0.2754010067914549,
        "Bleu_2": 0.16712771966623174,
        "Bleu_3": 0.10920154998187245,
        "Bleu_4": 0.07686529392784418,
        "METEOR": 0.12089997243168964,
        "ROUGE_L": 0.32647465474904547,
        "CIDEr": 0.7564223511041196
    },
    "chest_xray": {
        "Bleu_1": 0.32846114339434007,
        "Bleu_2": 0.1948454002479078,
        "Bleu_3": 0.12232716089727397,
        "Bleu_4": 0.08420561836551085,
        "METEOR": 0.13457752495639125,
        "ROUGE_L": 0.2877008914084401,
        "CIDEr": 0.41099797893189605
    },
    "ct_scan": {
        "Bleu_1": 0.2476894734152793,
        "Bleu_2": 0.14633538907864602,
        "Bleu_3": 0.09303033506069157,
        "Bleu_4": 0.06320844160419624,
        "METEOR": 0.11209160037181595,
        "ROUGE_L": 0.3364603569227952,
        "CIDEr": 0.8320599108778455
    },
    "gross": {
        "Bleu_1": 0.2875206087418415,
        "Bleu_2": 0.17201376624607204,
        "Bleu_3": 0.11220696699059163,
        "Bleu_4": 0.07990990758110213,
        "METEOR": 0.11931682423083978,
        "ROUGE_L": 0.35998968474474335,
        "CIDEr": 1.0899273584073574
    },
    "histology": {
        "Bleu_1": 0.2594158726958624,
        "Bleu_2": 0.1620284324884527,
        "Bleu_3": 0.1099738788040492,
        "Bleu_4": 0.08112347129164074,
        "METEOR": 0.12516289792771468,
        "ROUGE_L": 0.342600005582381,
        "CIDEr": 0.7522004623111941
    },
    "mri": {
        "Bleu_1": 0.26055639213783466,
        "Bleu_2": 0.16025702895783892,
        "Bleu_3": 0.10501061652937964,
        "Bleu_4": 0.07133187595476226,
        "METEOR": 0.11349648411214382,
        "ROUGE_L": 0.3050581994893593,
        "CIDEr": 0.6863125518692549
    }
}