{
    "overall": {
        "Bleu_1": 0.2541967452213888,
        "Bleu_2": 0.16308726901001241,
        "Bleu_3": 0.11018424312159952,
        "Bleu_4": 0.07996606973600583,
        "METEOR": 0.1220494714911501,
        "ROUGE_L": 0.33294501144997296,
        "CIDEr": 0.7986559640826691
    },
    "chest_xray": {
        "Bleu_1": 0.2991216965272071,
        "Bleu_2": 0.20270925568071305,
        "Bleu_3": 0.14769174871460874,
        "Bleu_4": 0.11489283384989461,
        "METEOR": 0.14326824119646786,
        "ROUGE_L": 0.2978467348837305,
        "CIDEr": 0.5352912669318142
    },
    "ct_scan": {
        "Bleu_1": 0.22908747583199518,
        "Bleu_2": 0.14774988374475626,
        "Bleu_3": 0.09887742054794935,
        "Bleu_4": 0.06978599080614392,
        "METEOR": 0.1148198923863547,
        "ROUGE_L": 0.33753131838715633,
        "CIDEr": 0.824044547270334
    },
    "gross": {
        "Bleu_1": 0.29223449658605977,
        "Bleu_2": 0.17649179978633905,
        "Bleu_3": 0.1093780939705742,
        "Bleu_4": 0.07380597335352997,
        "METEOR": 0.13041658090631292,
        "ROUGE_L": 0.3494167349650847,
        "CIDEr": 0.9826425736676687
    },
    "histology": {
        "Bleu_1": 0.22399198710414073,
        "Bleu_2": 0.14425065393393977,
        "Bleu_3": 0.09809189990855562,
        "Bleu_4": 0.07275770081316045,
        "METEOR": 0.11629275744205635,
        "ROUGE_L": 0.3465236771881438,
        "CIDEr": 0.7953048748262256
    },
    "mri": {
        "Bleu_1": 0.25158434486986914,
        "Bleu_2": 0.1576492077210887,
        "Bleu_3": 0.10313161773836976,
        "Bleu_4": 0.07095651354833672,
        "METEOR": 0.11497663112689388,
        "ROUGE_L": 0.3318314341728762,
        "CIDEr": 0.8206418286603628
    }
}