{
    "overall": {
        "Bleu_1": 0.25968872888786726,
        "Bleu_2": 0.1690365950543915,
        "Bleu_3": 0.11869538114811325,
        "Bleu_4": 0.08917791080538076,
        "METEOR": 0.12620882865595065,
        "ROUGE_L": 0.3432447769490227,
        "CIDEr": 0.8494796260616796
    },
    "chest_xray": {
        "Bleu_1": 0.31526081542064693,
        "Bleu_2": 0.21932216072432542,
        "Bleu_3": 0.16337251085965562,
        "Bleu_4": 0.1296062629678681,
        "METEOR": 0.1482597120243613,
        "ROUGE_L": 0.31335430522105806,
        "CIDEr": 0.589340466308089
    },
    "ct_scan": {
        "Bleu_1": 0.23298690900477062,
        "Bleu_2": 0.1555934419862172,
        "Bleu_3": 0.1104855903363698,
        "Bleu_4": 0.08348579466856103,
        "METEOR": 0.12297107393478476,
        "ROUGE_L": 0.3412486121700754,
        "CIDEr": 0.8246085792942012
    },
    "gross": {
        "Bleu_1": 0.29813900383953906,
        "Bleu_2": 0.1759711457556169,
        "Bleu_3": 0.11252875314180738,
        "Bleu_4": 0.07866355465907837,
        "METEOR": 0.13309321745169844,
        "ROUGE_L": 0.350420901485757,
        "CIDEr": 0.9370275709256578
    },
    "histology": {
        "Bleu_1": 0.22909845849813407,
        "Bleu_2": 0.15230294053134105,
        "Bleu_3": 0.1101802554361623,
        "Bleu_4": 0.0841197919574212,
        "METEOR": 0.12187164716463592,
        "ROUGE_L": 0.3432201673623675,
        "CIDEr": 0.783431483029927
    },
    "mri": {
        "Bleu_1": 0.25001779260296386,
        "Bleu_2": 0.15257748496036125,
        "Bleu_3": 0.09911771728367881,
        "Bleu_4": 0.06940253583313223,
        "METEOR": 0.11379277444549003,
        "ROUGE_L": 0.3680576357031395,
        "CIDEr": 1.0912389029522487
    }
}