{
    "overall": {
        "Bleu_1": 0.23555797761795064,
        "Bleu_2": 0.15173435379326036,
        "Bleu_3": 0.1054300856872642,
        "Bleu_4": 0.07920703507824732,
        "METEOR": 0.11888739648415891,
        "ROUGE_L": 0.3362048395852368,
        "CIDEr": 0.7416275439083769
    },
    "chest_xray": {
        "Bleu_1": 0.29052308910570246,
        "Bleu_2": 0.19870216371070162,
        "Bleu_3": 0.1481117612906248,
        "Bleu_4": 0.11761615779907203,
        "METEOR": 0.1420511220444027,
        "ROUGE_L": 0.30018881639299694,
        "CIDEr": 0.44413029258416403
    },
    "ct_scan": {
        "Bleu_1": 0.21551933392927095,
        "Bleu_2": 0.13429186597839063,
        "Bleu_3": 0.08871601713491938,
        "Bleu_4": 0.06542056422679943,
        "METEOR": 0.11344325053049396,
        "ROUGE_L": 0.3431297008213808,
        "CIDEr": 0.7672375055755886
    },
    "gross": {
        "Bleu_1": 0.3047835787663332,
        "Bleu_2": 0.19066960163138713,
        "Bleu_3": 0.12826455568388093,
        "Bleu_4": 0.0939060962659672,
        "METEOR": 0.13459829907294008,
        "ROUGE_L": 0.3560395467625974,
        "CIDEr": 0.9591177941165202
    },
    "histology": {
        "Bleu_1": 0.19033838561739042,
        "Bleu_2": 0.12337217891754344,
        "Bleu_3": 0.08758752517205103,
        "Bleu_4": 0.06696117937229544,
        "METEOR": 0.11091098179859672,
        "ROUGE_L": 0.3345640335538636,
        "CIDEr": 0.6974726895280512
    },
    "mri": {
        "Bleu_1": 0.21736198790960942,
        "Bleu_2": 0.13792276412731702,
        "Bleu_3": 0.09200415775639172,
        "Bleu_4": 0.06485160569061074,
        "METEOR": 0.10727877356666882,
        "ROUGE_L": 0.34813678248042806,
        "CIDEr": 0.821851734560878
    }
}