{
    "overall": {
        "Bleu_1": 0.25110654456929693,
        "Bleu_2": 0.16159874608968122,
        "Bleu_3": 0.11016598213591271,
        "Bleu_4": 0.08027679257207938,
        "METEOR": 0.12181693777180257,
        "ROUGE_L": 0.32974999574841635,
        "CIDEr": 0.7842929659251293
    },
    "chest_xray": {
        "Bleu_1": 0.3165558274216634,
        "Bleu_2": 0.21831564884457016,
        "Bleu_3": 0.1626519058689802,
        "Bleu_4": 0.13004290320711417,
        "METEOR": 0.15314168239519252,
        "ROUGE_L": 0.31202976567772894,
        "CIDEr": 0.6532155791243548
    },
    "ct_scan": {
        "Bleu_1": 0.21932730458789884,
        "Bleu_2": 0.14106179527682955,
        "Bleu_3": 0.09430476633998294,
        "Bleu_4": 0.06535703043775726,
        "METEOR": 0.11279147683610294,
        "ROUGE_L": 0.3290109776544819,
        "CIDEr": 0.8055360868736278
    },
    "gross": {
        "Bleu_1": 0.27739037980989195,
        "Bleu_2": 0.16697150778872455,
        "Bleu_3": 0.10074595636645138,
        "Bleu_4": 0.0655623358329976,
        "METEOR": 0.12282022920112172,
        "ROUGE_L": 0.34035120894275295,
        "CIDEr": 0.9426250762851268
    },
    "histology": {
        "Bleu_1": 0.21458223096709833,
        "Bleu_2": 0.13861418607530793,
        "Bleu_3": 0.09672624321218369,
        "Bleu_4": 0.0725719574702441,
        "METEOR": 0.1168329062423729,
        "ROUGE_L": 0.3438112115519696,
        "CIDEr": 0.7394748601053789
    },
    "mri": {
        "Bleu_1": 0.25146344471975923,
        "Bleu_2": 0.15618957911969936,
        "Bleu_3": 0.10022177044504046,
        "Bleu_4": 0.06673486990887591,
        "METEOR": 0.11161133107147028,
        "ROUGE_L": 0.3220151139697065,
        "CIDEr": 0.7428436641367631
    }
}