{
    "overall": {
        "Bleu_1": 0.3231844737486243,
        "Bleu_2": 0.12692920628903356,
        "Bleu_3": 5.734057670877694e-07,
        "Bleu_4": 1.4248888588332482e-09,
        "METEOR": 0.16528064634741751,
        "ROUGE_L": 0.43908772255019546,
        "CIDEr": 1.0997275651727998
    },
    "abd": {
        "Bleu_1": 0.28778804388196755,
        "Bleu_2": 0.10704638463419917,
        "Bleu_3": 7.698481840834226e-07,
        "Bleu_4": 2.2992875796248444e-09,
        "METEOR": 0.15345537518011781,
        "ROUGE_L": 0.42429555355963827,
        "CIDEr": 1.0585136694315325
    },
    "chest": {
        "Bleu_1": 0.34844712946288997,
        "Bleu_2": 0.1471586335279069,
        "Bleu_3": 1.2049891847938008e-06,
        "Bleu_4": 5.156135849901883e-09,
        "METEOR": 0.17750211256839568,
        "ROUGE_L": 0.44890337919526735,
        "CIDEr": 1.1191364230006882
    },
    "head": {
        "Bleu_1": 0.33314846389102365,
        "Bleu_2": 0.1298286565722983,
        "Bleu_3": 7.173861360611698e-07,
        "Bleu_4": 1.9485349174895557e-09,
        "METEOR": 0.1704394208988358,
        "ROUGE_L": 0.4452878525142249,
        "CIDEr": 1.1202292978394186
    }
}