{
    "overall": {
        "Bleu_1": 0.2800842610374223,
        "Bleu_2": 0.08603380828290905,
        "Bleu_3": 3.440308000598329e-07,
        "Bleu_4": 7.261329568649643e-10,
        "METEOR": 0.16222497524458074,
        "ROUGE_L": 0.38406020832390114,
        "CIDEr": 0.9665453847405593
    },
    "abd": {
        "Bleu_1": 0.306784865812888,
        "Bleu_2": 0.10984660276830185,
        "Bleu_3": 9.004641161155523e-07,
        "Bleu_4": 3.009661335901843e-09,
        "METEOR": 0.18854013699877756,
        "ROUGE_L": 0.4480600480561776,
        "CIDEr": 1.1190203126936722
    },
    "chest": {
        "Bleu_1": 0.15562913907233236,
        "Bleu_2": 1.0254502606017095e-09,
        "Bleu_3": 2.017776578604105e-12,
        "Bleu_4": 9.134490020372355e-14,
        "METEOR": 0.13625582430101357,
        "ROUGE_L": 0.26258048276528284,
        "CIDEr": 0.6562272015951407
    },
    "head": {
        "Bleu_1": 0.3563614601445968,
        "Bleu_2": 0.15267156753425015,
        "Bleu_3": 8.438318950450082e-07,
        "Bleu_4": 2.39521529575957e-09,
        "METEOR": 0.18537764911369725,
        "ROUGE_L": 0.4760951530654652,
        "CIDEr": 1.2038056470286402
    }
}