{
    "overall": {
        "Bleu_1": 0.23007925383236646,
        "Bleu_2": 0.14884549806774217,
        "Bleu_3": 0.10319750929808306,
        "Bleu_4": 0.07724205493385489,
        "METEOR": 0.11708003090112479,
        "ROUGE_L": 0.33544409763967914,
        "CIDEr": 0.8037284936239115
    },
    "chest_xray": {
        "Bleu_1": 0.3003856569534769,
        "Bleu_2": 0.20739718870328147,
        "Bleu_3": 0.15727910343801726,
        "Bleu_4": 0.12640984039261305,
        "METEOR": 0.1467538452442697,
        "ROUGE_L": 0.33476929060361993,
        "CIDEr": 0.5701978834384904
    },
    "ct_scan": {
        "Bleu_1": 0.1995043590885905,
        "Bleu_2": 0.1289020976697874,
        "Bleu_3": 0.08487089822843488,
        "Bleu_4": 0.06098478411177456,
        "METEOR": 0.1048809449155589,
        "ROUGE_L": 0.3320258970409543,
        "CIDEr": 0.8365894226304764
    },
    "gross": {
        "Bleu_1": 0.26557502677539163,
        "Bleu_2": 0.15991643802871394,
        "Bleu_3": 0.10384505719281646,
        "Bleu_4": 0.07448985117104176,
        "METEOR": 0.12540468655321926,
        "ROUGE_L": 0.33647773326624136,
        "CIDEr": 0.9468236923445045
    },
    "histology": {
        "Bleu_1": 0.1931523185906029,
        "Bleu_2": 0.12691232529930788,
        "Bleu_3": 0.09034077388285258,
        "Bleu_4": 0.06896091641774313,
        "METEOR": 0.10972381411327313,
        "ROUGE_L": 0.3265970322056803,
        "CIDEr": 0.7823498356042706
    },
    "mri": {
        "Bleu_1": 0.22748742032632344,
        "Bleu_2": 0.14081010833946248,
        "Bleu_3": 0.09125295657801313,
        "Bleu_4": 0.06330736088786817,
        "METEOR": 0.11013667810163252,
        "ROUGE_L": 0.3490183911153638,
        "CIDEr": 0.8421837009287119
    }
}