{
    "overall": {
        "Bleu_1": 0.22700135454228035,
        "Bleu_2": 0.1479173273645234,
        "Bleu_3": 0.1023620876721592,
        "Bleu_4": 0.07593640055914465,
        "METEOR": 0.1192185441328175,
        "ROUGE_L": 0.3406407831920809,
        "CIDEr": 0.8286699228548517
    },
    "chest_xray": {
        "Bleu_1": 0.29902776384329355,
        "Bleu_2": 0.2115334337539521,
        "Bleu_3": 0.16108783800627047,
        "Bleu_4": 0.13011272301704058,
        "METEOR": 0.15174454129086998,
        "ROUGE_L": 0.3240403543438215,
        "CIDEr": 0.7298559538797529
    },
    "ct_scan": {
        "Bleu_1": 0.1720095071193388,
        "Bleu_2": 0.11308140428894718,
        "Bleu_3": 0.07648043474982343,
        "Bleu_4": 0.0549432015218162,
        "METEOR": 0.099313979442859,
        "ROUGE_L": 0.3236956023545333,
        "CIDEr": 0.768838689527732
    },
    "gross": {
        "Bleu_1": 0.2623208497383566,
        "Bleu_2": 0.1590486671481116,
        "Bleu_3": 0.09929871614047439,
        "Bleu_4": 0.06793143205277842,
        "METEOR": 0.1249482965765579,
        "ROUGE_L": 0.3562835914802387,
        "CIDEr": 1.0083052446463563
    },
    "histology": {
        "Bleu_1": 0.21028134819226557,
        "Bleu_2": 0.13625100047813446,
        "Bleu_3": 0.09564741356887278,
        "Bleu_4": 0.07184820252138477,
        "METEOR": 0.11554050148511408,
        "ROUGE_L": 0.3434526988986623,
        "CIDEr": 0.758653328446293
    },
    "mri": {
        "Bleu_1": 0.22058807754620782,
        "Bleu_2": 0.13758304691810333,
        "Bleu_3": 0.08891017261514694,
        "Bleu_4": 0.06066719633216659,
        "METEOR": 0.11375253111759967,
        "ROUGE_L": 0.35738929182367446,
        "CIDEr": 0.8695117849322483
    }
}