{
    "overall": {
        "Bleu_1": 0.05087719298244498,
        "Bleu_2": 0.01055637368000093,
        "Bleu_3": 0.003052755199547513,
        "Bleu_4": 2.955035294888181e-07,
        "METEOR": 0.08150525770611103,
        "ROUGE_L": 0.31030080601134646,
        "CIDEr": 0.7327805939861968
    },
    "abd": {
        "Bleu_1": 0.07014681892327068,
        "Bleu_2": 0.016246782030106457,
        "Bleu_3": 6.406197618894393e-08,
        "Bleu_4": 1.2904707476837664e-10,
        "METEOR": 0.09464117037581178,
        "ROUGE_L": 0.3395938884223186,
        "CIDEr": 0.8079837507806207
    },
    "chest": {
        "Bleu_1": 0.05704918032783144,
        "Bleu_2": 0.01125115184712687,
        "Bleu_3": 0.004607725146190506,
        "Bleu_4": 5.301939439344633e-07,
        "METEOR": 0.08875625473457048,
        "ROUGE_L": 0.3498179351887367,
        "CIDEr": 0.8451795747345281
    },
    "head": {
        "Bleu_1": 0.03261470425647727,
        "Bleu_2": 0.0062053319283149055,
        "Bleu_3": 2.8758157765774703e-08,
        "Bleu_4": 6.263811437660431e-11,
        "METEOR": 0.06375770431205917,
        "ROUGE_L": 0.20933353835328622,
        "CIDEr": 0.45548285620887213
    }
}