{"_runtime": 50.145312132, "train/global_step": 5, "_timestamp": 1760452221.5419157, "_step": 4, "train/loss": 1.0824, "train/learning_rate": 1.9996629653035128e-05, "train/epoch": 0.04}