{
    "overall": {
        "Bleu_1": 0.14893292682924558,
        "Bleu_2": 0.02160727606096983,
        "Bleu_3": 4.7877799891424726e-08,
        "Bleu_4": 7.189843929419086e-11,
        "METEOR": 0.20084608082193514,
        "ROUGE_L": 0.41478252037175495,
        "CIDEr": 1.0448974435078622
    },
    "ct": {
        "Bleu_1": 0.3628318584068121,
        "Bleu_2": 0.07688771493045728,
        "Bleu_3": 2.345755860596555e-07,
        "Bleu_4": 4.136208856134561e-10,
        "METEOR": 0.3134671672683152,
        "ROUGE_L": 0.53810794846772,
        "CIDEr": 1.3694838561312723
    },
    "mri": {
        "Bleu_1": 0.07900480139673549,
        "Bleu_2": 2.0938682399457945e-10,
        "Bleu_3": 2.9452837312663794e-13,
        "Bleu_4": 1.1150058359417498e-14,
        "METEOR": 0.14386691947461505,
        "ROUGE_L": 0.30152187350015275,
        "CIDEr": 0.7511352399016782
    },
    "xray": {
        "Bleu_1": 0.10435976656364424,
        "Bleu_2": 0.01697509883291665,
        "Bleu_3": 5.174325707302291e-08,
        "Bleu_4": 9.108133306101046e-11,
        "METEOR": 0.16174722397368033,
        "ROUGE_L": 0.34546895417878704,
        "CIDEr": 0.8591510327393993
    }
}