{
    "overall": {
        "Bleu_1": 0.23729803004841873,
        "Bleu_2": 0.15623481445068066,
        "Bleu_3": 0.11051406026351726,
        "Bleu_4": 0.08316040333517277,
        "METEOR": 0.12029985702384051,
        "ROUGE_L": 0.3435852804454527,
        "CIDEr": 0.8682427324408949
    },
    "chest_xray": {
        "Bleu_1": 0.3091835265046665,
        "Bleu_2": 0.21254863254541462,
        "Bleu_3": 0.15768415075911607,
        "Bleu_4": 0.12438265920820125,
        "METEOR": 0.14583587351694108,
        "ROUGE_L": 0.32963980985436436,
        "CIDEr": 0.7264051210443823
    },
    "ct_scan": {
        "Bleu_1": 0.19173973695501206,
        "Bleu_2": 0.12358627740851302,
        "Bleu_3": 0.08126120825708409,
        "Bleu_4": 0.05706786678220039,
        "METEOR": 0.10451388048313143,
        "ROUGE_L": 0.3303784222055242,
        "CIDEr": 0.8338596347195816
    },
    "gross": {
        "Bleu_1": 0.28077649945620486,
        "Bleu_2": 0.17572122945982052,
        "Bleu_3": 0.12397053234316444,
        "Bleu_4": 0.09329969324139957,
        "METEOR": 0.12534144563873748,
        "ROUGE_L": 0.361163797802768,
        "CIDEr": 1.349526514187601
    },
    "histology": {
        "Bleu_1": 0.19598511315473008,
        "Bleu_2": 0.13310506362026997,
        "Bleu_3": 0.09813870785146081,
        "Bleu_4": 0.07603186051528611,
        "METEOR": 0.11790841860032135,
        "ROUGE_L": 0.3511443893918002,
        "CIDEr": 0.8368730999289254
    },
    "mri": {
        "Bleu_1": 0.2423037633896604,
        "Bleu_2": 0.15418022464937614,
        "Bleu_3": 0.10345801470719251,
        "Bleu_4": 0.07391115477325148,
        "METEOR": 0.1152020617931062,
        "ROUGE_L": 0.3465849214370162,
        "CIDEr": 0.5967265308616954
    }
}