{
    "overall": {
        "Bleu_1": 0.4270166453263678,
        "Bleu_2": 0.16161217107732107,
        "Bleu_3": 0.049857081056003096,
        "Bleu_4": 3.540184413417873e-06,
        "METEOR": 0.3027322919860408,
        "ROUGE_L": 0.5637165318673801,
        "CIDEr": 1.45376170774086
    },
    "ct": {
        "Bleu_1": 0.3748939779470951,
        "Bleu_2": 0.18283882588212214,
        "Bleu_3": 0.0650409470813546,
        "Bleu_4": 5.926713402810338e-06,
        "METEOR": 0.2896829755061567,
        "ROUGE_L": 0.46261702434302016,
        "CIDEr": 1.214713373738971
    },
    "mri": {
        "Bleu_1": 0.30383480825928827,
        "Bleu_2": 0.0830983546848816,
        "Bleu_3": 0.024137990903924565,
        "Bleu_4": 2.3302163475595104e-06,
        "METEOR": 0.2330473990520874,
        "ROUGE_L": 0.5381546837069916,
        "CIDEr": 1.3857874534613905
    },
    "xray": {
        "Bleu_1": 0.6275561482823832,
        "Bleu_2": 0.2769346467672385,
        "Bleu_3": 0.08891056417551609,
        "Bleu_4": 9.42433088045299e-06,
        "METEOR": 0.377273135015031,
        "ROUGE_L": 0.6987852045146792,
        "CIDEr": 1.7754088015796077
    }
}