{
    "overall": {
        "Bleu_1": 0.2298833747087025,
        "Bleu_2": 0.14805447689055842,
        "Bleu_3": 0.10304546883379893,
        "Bleu_4": 0.07701947011619494,
        "METEOR": 0.11674028057680216,
        "ROUGE_L": 0.3432157591865919,
        "CIDEr": 0.8888939630380633
    },
    "chest_xray": {
        "Bleu_1": 0.28110234490307257,
        "Bleu_2": 0.1858883464753909,
        "Bleu_3": 0.13511778551431933,
        "Bleu_4": 0.10601094772011903,
        "METEOR": 0.13587861406588927,
        "ROUGE_L": 0.30992809726820497,
        "CIDEr": 0.5617861613597075
    },
    "ct_scan": {
        "Bleu_1": 0.21860500104151318,
        "Bleu_2": 0.14314419294184266,
        "Bleu_3": 0.0973366827358234,
        "Bleu_4": 0.07137370944527498,
        "METEOR": 0.11071220322648324,
        "ROUGE_L": 0.33600012799235934,
        "CIDEr": 0.7829163333675055
    },
    "gross": {
        "Bleu_1": 0.2716530823571757,
        "Bleu_2": 0.1682162845892509,
        "Bleu_3": 0.11560755694780837,
        "Bleu_4": 0.08490215500589056,
        "METEOR": 0.12720176515635997,
        "ROUGE_L": 0.37060921323930013,
        "CIDEr": 1.4244324655132623
    },
    "histology": {
        "Bleu_1": 0.18803622180779983,
        "Bleu_2": 0.12320312725662005,
        "Bleu_3": 0.08744818051525446,
        "Bleu_4": 0.06602238921309123,
        "METEOR": 0.11026109031326724,
        "ROUGE_L": 0.3376156710421261,
        "CIDEr": 0.7366234583371972
    },
    "mri": {
        "Bleu_1": 0.22333487312046604,
        "Bleu_2": 0.13825627939909801,
        "Bleu_3": 0.09223703338598081,
        "Bleu_4": 0.06609043284545912,
        "METEOR": 0.10992029755203966,
        "ROUGE_L": 0.365197211273804,
        "CIDEr": 0.9335121346721431
    }
}