{
    "overall": {
        "Bleu_1": 0.2618889987663051,
        "Bleu_2": 0.16940411918380172,
        "Bleu_3": 0.11771304678551431,
        "Bleu_4": 0.08739105352244494,
        "METEOR": 0.12596821309192638,
        "ROUGE_L": 0.3410103796848274,
        "CIDEr": 0.8591943260660483
    },
    "chest_xray": {
        "Bleu_1": 0.33528597395907006,
        "Bleu_2": 0.22886773840980026,
        "Bleu_3": 0.16978687194908348,
        "Bleu_4": 0.13290290951252717,
        "METEOR": 0.15781623447199075,
        "ROUGE_L": 0.33272194765013924,
        "CIDEr": 0.684257349020621
    },
    "ct_scan": {
        "Bleu_1": 0.23752902183493496,
        "Bleu_2": 0.15690138397124856,
        "Bleu_3": 0.10645609992905387,
        "Bleu_4": 0.07746128463217165,
        "METEOR": 0.12008915396201195,
        "ROUGE_L": 0.33915914932201197,
        "CIDEr": 0.7996827639630305
    },
    "gross": {
        "Bleu_1": 0.30402395574962304,
        "Bleu_2": 0.18620869174567667,
        "Bleu_3": 0.1171771340007361,
        "Bleu_4": 0.07868811319822955,
        "METEOR": 0.1310638947010747,
        "ROUGE_L": 0.3449444985204624,
        "CIDEr": 0.8723859569933368
    },
    "histology": {
        "Bleu_1": 0.21667116284557694,
        "Bleu_2": 0.14061572887537555,
        "Bleu_3": 0.10079589638154933,
        "Bleu_4": 0.0775164840782243,
        "METEOR": 0.11712040992925168,
        "ROUGE_L": 0.33480580928261117,
        "CIDEr": 0.7921929103960482
    },
    "mri": {
        "Bleu_1": 0.25065523806348855,
        "Bleu_2": 0.15454795019326553,
        "Bleu_3": 0.10308805566219721,
        "Bleu_4": 0.07257230304765375,
        "METEOR": 0.11497587173928235,
        "ROUGE_L": 0.35469359697645947,
        "CIDEr": 1.0523535217683047
    }
}