{
    "overall": {
        "Bleu_1": 0.27023406643256964,
        "Bleu_2": 0.17509599503443288,
        "Bleu_3": 0.12215784713267541,
        "Bleu_4": 0.09064030250998734,
        "METEOR": 0.12851127231379966,
        "ROUGE_L": 0.34606181669447406,
        "CIDEr": 0.9242735244063598
    },
    "chest_xray": {
        "Bleu_1": 0.3335567858221102,
        "Bleu_2": 0.22890348755040382,
        "Bleu_3": 0.1691056106474249,
        "Bleu_4": 0.1314493896196373,
        "METEOR": 0.1563229863453152,
        "ROUGE_L": 0.32837341726291225,
        "CIDEr": 0.7936238184204574
    },
    "ct_scan": {
        "Bleu_1": 0.24585006777378693,
        "Bleu_2": 0.16269079980480067,
        "Bleu_3": 0.11191412165143087,
        "Bleu_4": 0.08169618254069573,
        "METEOR": 0.12330237896978866,
        "ROUGE_L": 0.34304191961658387,
        "CIDEr": 0.8804415098403403
    },
    "gross": {
        "Bleu_1": 0.3253853015467157,
        "Bleu_2": 0.20000706001878668,
        "Bleu_3": 0.12879504377164344,
        "Bleu_4": 0.08832885827612799,
        "METEOR": 0.13780280954031002,
        "ROUGE_L": 0.3657554199416032,
        "CIDEr": 1.0161124806763435
    },
    "histology": {
        "Bleu_1": 0.22405515035141996,
        "Bleu_2": 0.1444771853688813,
        "Bleu_3": 0.10303654397681429,
        "Bleu_4": 0.07891615402824648,
        "METEOR": 0.12015170072544192,
        "ROUGE_L": 0.3365425764119223,
        "CIDEr": 0.834255095827661
    },
    "mri": {
        "Bleu_1": 0.259880648448575,
        "Bleu_2": 0.16185857104949158,
        "Bleu_3": 0.10937108098538463,
        "Bleu_4": 0.0775927579373829,
        "METEOR": 0.11706116866802792,
        "ROUGE_L": 0.359865256802718,
        "CIDEr": 1.0338126428980445
    }
}