{
    "overall": {
        "Bleu_1": 0.3863464802783112,
        "Bleu_2": 0.20929792776718123,
        "Bleu_3": 5.644084264717706e-07,
        "Bleu_4": 9.310883748555112e-10,
        "METEOR": 0.24632647659310716,
        "ROUGE_L": 0.44963646379957256,
        "CIDEr": 1.1664762961450708
    },
    "ct": {
        "Bleu_1": 0.4297271815095812,
        "Bleu_2": 0.5171200458474828,
        "Bleu_3": 0.006116342386251761,
        "Bleu_4": 0.0006651843095941547,
        "METEOR": 0.3153827566475613,
        "ROUGE_L": 0.48512335671810847,
        "CIDEr": 1.2810231494714677
    },
    "mri": {
        "Bleu_1": 0.4260515603793405,
        "Bleu_2": 0.10966151960294206,
        "Bleu_3": 3.7894142322520685e-07,
        "Bleu_4": 7.076428582040118e-10,
        "METEOR": 0.2539910953759862,
        "ROUGE_L": 0.5850918165921043,
        "CIDEr": 1.5014118959512395
    },
    "xray": {
        "Bleu_1": 0.2869424474749019,
        "Bleu_2": 0.2201970408661587,
        "Bleu_3": 0.003447257352177661,
        "Bleu_4": 0.0004313251883019058,
        "METEOR": 0.1780122331513427,
        "ROUGE_L": 0.3186448017859489,
        "CIDEr": 0.8070840310668101
    }
}