{
    "overall": {
        "Bleu_1": 0.25836876321194796,
        "Bleu_2": 0.168662438639685,
        "Bleu_3": 0.11841951197346012,
        "Bleu_4": 0.08947264549627276,
        "METEOR": 0.12247298224254871,
        "ROUGE_L": 0.33489556318714864,
        "CIDEr": 0.754456756533801
    },
    "chest_xray": {
        "Bleu_1": 0.3243200849861474,
        "Bleu_2": 0.22006193894710283,
        "Bleu_3": 0.16097242376187365,
        "Bleu_4": 0.12640400565063575,
        "METEOR": 0.14732781579104973,
        "ROUGE_L": 0.317332179366094,
        "CIDEr": 0.5314824760369926
    },
    "ct_scan": {
        "Bleu_1": 0.2259476163060053,
        "Bleu_2": 0.1500965610259292,
        "Bleu_3": 0.1050522958911456,
        "Bleu_4": 0.07983747953510109,
        "METEOR": 0.11262503865058072,
        "ROUGE_L": 0.33028013499067926,
        "CIDEr": 0.7974945323428384
    },
    "gross": {
        "Bleu_1": 0.3127881194198391,
        "Bleu_2": 0.1874825515726228,
        "Bleu_3": 0.12223877786402572,
        "Bleu_4": 0.08771944174629638,
        "METEOR": 0.13667847704729802,
        "ROUGE_L": 0.34758024650034913,
        "CIDEr": 0.8604880683204199
    },
    "histology": {
        "Bleu_1": 0.23784613524987105,
        "Bleu_2": 0.15770026375512333,
        "Bleu_3": 0.11326751463050715,
        "Bleu_4": 0.08657666436184226,
        "METEOR": 0.12254561851320858,
        "ROUGE_L": 0.3427092464116372,
        "CIDEr": 0.7222714002763144
    },
    "mri": {
        "Bleu_1": 0.22217235610509165,
        "Bleu_2": 0.14151359117229612,
        "Bleu_3": 0.09603560855307093,
        "Bleu_4": 0.06937506187241428,
        "METEOR": 0.10361590907591903,
        "ROUGE_L": 0.33645822199534564,
        "CIDEr": 0.8152431294963194
    }
}