{
    "overall": {
        "Bleu_1": 0.225179741416117,
        "Bleu_2": 0.1471216458538947,
        "Bleu_3": 0.1027911459900079,
        "Bleu_4": 0.07698354971386649,
        "METEOR": 0.11758176875090005,
        "ROUGE_L": 0.3452235835270803,
        "CIDEr": 0.8645474267242774
    },
    "chest_xray": {
        "Bleu_1": 0.2876654747171755,
        "Bleu_2": 0.20052981128757105,
        "Bleu_3": 0.15130430083060398,
        "Bleu_4": 0.12101488847178181,
        "METEOR": 0.14468520087623365,
        "ROUGE_L": 0.32823896227233684,
        "CIDEr": 0.620483217449274
    },
    "ct_scan": {
        "Bleu_1": 0.19356661038428938,
        "Bleu_2": 0.12702133764189896,
        "Bleu_3": 0.08713704946337568,
        "Bleu_4": 0.06378749467302705,
        "METEOR": 0.10381814475513775,
        "ROUGE_L": 0.3487160690891572,
        "CIDEr": 0.8187913266704315
    },
    "gross": {
        "Bleu_1": 0.26140544437049973,
        "Bleu_2": 0.15309784480751948,
        "Bleu_3": 0.09505049489597801,
        "Bleu_4": 0.06532937785285788,
        "METEOR": 0.12485095808235151,
        "ROUGE_L": 0.352863118282121,
        "CIDEr": 1.1238092761749572
    },
    "histology": {
        "Bleu_1": 0.2009780199237482,
        "Bleu_2": 0.13293863159202154,
        "Bleu_3": 0.0945765500521307,
        "Bleu_4": 0.07180204045376677,
        "METEOR": 0.11706457923180465,
        "ROUGE_L": 0.34130325828040786,
        "CIDEr": 0.7559925295816172
    },
    "mri": {
        "Bleu_1": 0.21109760714465395,
        "Bleu_2": 0.13464880323791265,
        "Bleu_3": 0.09031954913466363,
        "Bleu_4": 0.06450818016277836,
        "METEOR": 0.10563857551415803,
        "ROUGE_L": 0.35578889124088653,
        "CIDEr": 0.9946136104579234
    }
}